{
  "Delete" : {
    "transaction" : "Delete",
    "sampleCount" : 1,
    "errorCount" : 0,
    "errorPct" : 0.0,
    "meanResTime" : 727.0,
    "medianResTime" : 727.0,
    "minResTime" : 727.0,
    "maxResTime" : 727.0,
    "pct1ResTime" : 727.0,
    "pct2ResTime" : 727.0,
    "pct3ResTime" : 727.0,
    "throughput" : 1.375515818431912,
    "receivedKBytesPerSec" : 1.0907410591471802,
    "sentKBytesPerSec" : 0.3062671939477304
  },
  "post" : {
    "transaction" : "post",
    "sampleCount" : 1,
    "errorCount" : 0,
    "errorPct" : 0.0,
    "meanResTime" : 717.0,
    "medianResTime" : 717.0,
    "minResTime" : 717.0,
    "maxResTime" : 717.0,
    "pct1ResTime" : 717.0,
    "pct2ResTime" : 717.0,
    "pct3ResTime" : 717.0,
    "throughput" : 1.3947001394700138,
    "receivedKBytesPerSec" : 1.2830151673640169,
    "sentKBytesPerSec" : 0.30509065550906556
  },
  "Total" : {
    "transaction" : "Total",
    "sampleCount" : 4,
    "errorCount" : 0,
    "errorPct" : 0.0,
    "meanResTime" : 741.0,
    "medianResTime" : 722.0,
    "minResTime" : 451.0,
    "maxResTime" : 1069.0,
    "pct1ResTime" : 1069.0,
    "pct2ResTime" : 1069.0,
    "pct3ResTime" : 1069.0,
    "throughput" : 1.3418316001341832,
    "receivedKBytesPerSec" : 11.133664248574304,
    "sentKBytesPerSec" : 0.24766227775914124
  },
  "Get" : {
    "transaction" : "Get",
    "sampleCount" : 1,
    "errorCount" : 0,
    "errorPct" : 0.0,
    "meanResTime" : 451.0,
    "medianResTime" : 451.0,
    "minResTime" : 451.0,
    "maxResTime" : 451.0,
    "pct1ResTime" : 451.0,
    "pct2ResTime" : 451.0,
    "pct3ResTime" : 451.0,
    "throughput" : 2.2172949002217295,
    "receivedKBytesPerSec" : 4.211561114190688,
    "sentKBytesPerSec" : 0.3464523281596452
  },
  "HTTP Request" : {
    "transaction" : "HTTP Request",
    "sampleCount" : 1,
    "errorCount" : 0,
    "errorPct" : 0.0,
    "meanResTime" : 1069.0,
    "medianResTime" : 1069.0,
    "minResTime" : 1069.0,
    "maxResTime" : 1069.0,
    "pct1ResTime" : 1069.0,
    "pct2ResTime" : 1069.0,
    "pct3ResTime" : 1069.0,
    "throughput" : 0.9354536950420954,
    "receivedKBytesPerSec" : 27.668052794667915,
    "sentKBytesPerSec" : 0.1315481758652947
  }
}